<?xml version="1.0" encoding="UTF-8"?>
<!--
    Document   : fs_roles_users.xml
    Author     : Carlos Garcia Gomez
    Description:
        Estructura de la tabla fs_roles_users.
-->
<tabla>
    <columna>
        <nombre>codrol</nombre>
        <tipo>character varying(20)</tipo>
        <nulo>NO</nulo>
    </columna>
    <columna>
        <nombre>fs_user</nombre>
        <tipo>character varying(12)</tipo>
        <nulo>NO</nulo>
    </columna>
    <restriccion>
        <nombre>fs_roles_users_pkey</nombre>
        <consulta>PRIMARY KEY (codrol,fs_user)</consulta>
    </restriccion>
    <restriccion>
        <nombre>fs_roles_users_roles</nombre>
        <consulta>FOREIGN KEY (codrol) REFERENCES fs_roles (codrol) ON DELETE CASCADE ON UPDATE CASCADE</consulta>
    </restriccion>
    <restriccion>
        <nombre>fs_roles_users_user</nombre>
        <consulta>FOREIGN KEY (fs_user) REFERENCES fs_users (nick) ON DELETE CASCADE ON UPDATE CASCADE</consulta>
    </restriccion>
</tabla>
